Rk,Player,Age,Team,Pos,G,GS,QBrec,Cmp,Att,Cmp%,Yds,TD,TD%,Int,Int%,1D,Succ%,Lng,Y/A,AY/A,Y/C,Y/G,Rate,QBR,Sk,Yds,Sk%,NY/A,ANY/A,4QC,GWD,Awards,Player-additional
1,Tom Brady,44,TAM,QB,17,17,13-4-0,485,719,67.5,5316,43,6.0,12,1.7,269,52.6,62,7.4,7.8,11.0,312.7,102.1,73.1,22,144,2.97,7.0,7.4,3,5,PBAP-2AP MVP-2AP OPoY-3,BradTo00
2,Justin Herbert,23,LAC,QB,17,17,9-8-0,443,672,65.9,5014,38,5.7,15,2.2,256,51.1,72,7.5,7.6,11.3,294.9,97.7,70.9,31,214,4.41,6.8,6.9,5,5,PB,HerbJu00
3,Matthew Stafford,33,LAR,QB,17,17,12-5-0,404,601,67.2,4886,41,6.8,17,2.8,233,52.6,79,8.1,8.2,12.1,287.4,102.9,69.2,30,243,4.75,7.4,7.4,3,4,,StafMa00
4,Patrick Mahomes,26,KAN,QB,17,17,12-5-0,436,658,66.3,4839,37,5.6,13,2.0,260,53.2,75,7.4,7.6,11.1,284.6,98.5,67.7,28,146,4.08,6.8,7.1,3,3,PB,MahoPa00
5,Derek Carr,30,LVR,QB,17,17,10-7-0,428,626,68.4,4804,23,3.7,14,2.2,217,49.7,61,7.7,7.4,11.2,282.6,94.0,58.4,40,241,6.01,6.9,6.6,3,6,,CarrDe02
6,Joe Burrow,25,CIN,QB,16,16,10-6-0,366,520,70.4,4611,34,6.5,14,2.7,202,47.6,82,8.9,9.0,12.6,288.2,108.3,60.2,51,370,8.93,7.4,7.5,2,3,AP CPoY-1,BurrJo01
7,Dak Prescott,28,DAL,QB,16,16,11-5-0,410,596,68.8,4449,37,6.2,10,1.7,227,51.4,51,7.5,8.0,10.9,278.1,104.2,60.5,30,144,4.79,6.9,7.3,1,2,AP CPoY-2,PresDa01
8,Josh Allen,25,BUF,QB,17,17,11-6-0,409,646,63.3,4407,36,5.6,15,2.3,234,49.4,61,6.8,6.9,10.8,259.2,92.2,66.3,26,164,3.87,6.3,6.4,0,0,,AlleJo02
9,Kirk Cousins,33,MIN,QB,16,16,8-8-0,372,561,66.3,4221,33,5.9,7,1.2,192,46.2,64,7.5,8.1,11.3,263.8,103.1,58.3,28,197,4.75,6.8,7.4,3,4,PB,CousKi00
10,Aaron Rodgers,38,GNB,QB,16,16,13-3-0,366,531,68.9,4115,37,7.0,4,0.8,213,50.6,75,7.7,8.8,11.2,257.2,111.9,74.1,30,188,5.35,7.0,8.0,1,2,PBAP-1AP MVP-1AP OPoY-4,RodgAa00
11,Matt Ryan,36,ATL,QB,17,17,7-10-0,375,560,67.0,3968,20,3.6,12,2.1,195,46.0,64,7.1,6.8,10.6,233.4,90.4,52.2,40,274,6.67,6.2,5.9,3,4,,RyanMa00
12,Jimmy Garoppolo,30,SFO,QB,15,15,9-6-0,301,441,68.3,3810,20,4.5,12,2.7,172,50.4,83,8.6,8.3,12.7,254.0,98.7,59.2,29,201,6.17,7.7,7.4,3,3,,GaroJi00
13,Mac Jones,23,NWE,QB,17,17,10-7-0,352,521,67.6,3801,22,4.2,13,2.5,177,49.0,75,7.3,7.0,10.8,223.6,92.5,56.9,28,241,5.10,6.5,6.2,1,1,PBAP ORoY-2,JoneMa05
14,Kyler Murray,24,ARI,QB,14,14,9-5-0,333,481,69.2,3787,24,5.0,10,2.1,172,49.6,77,7.9,7.9,11.4,270.5,100.6,63.2,31,286,6.05,6.8,6.9,1,1,PB,MurrKy00
15,Ben Roethlisberger,39,PIT,QB,16,16,9-7-0,390,605,64.5,3740,22,3.6,10,1.7,188,42.6,59,6.2,6.2,9.6,233.8,86.8,41.3,38,239,5.91,5.4,5.4,6,7,,RoetBe00
16,Ryan Tannehill,33,TEN,QB,17,17,12-5-0,357,531,67.2,3734,21,4.0,14,2.6,192,46.2,57,7.0,6.6,10.5,219.6,89.6,61.8,47,327,8.13,5.9,5.5,3,4,,TannRy00
17,Trevor Lawrence,22,JAX,QB,17,17,3-14-0,359,602,59.6,3641,12,2.0,17,2.8,177,44.6,58,6.0,5.2,10.1,214.2,71.9,39.1,32,238,5.05,5.4,4.5,1,2,,LawrTr00
18,Carson Wentz,29,IND,QB,17,17,9-8-0,322,516,62.4,3563,27,5.2,7,1.4,165,44.0,76,6.9,7.3,11.1,209.6,94.6,60.6,32,227,5.84,6.1,6.5,0,0,,WentCa00
19,Taylor Heinicke,28,WAS,QB,16,15,7-8-0,321,494,65.0,3419,20,4.0,15,3.0,167,44.9,73,6.9,6.4,10.7,213.7,85.9,45.8,38,278,7.14,5.9,5.4,3,4,,HeinTa00
20,Jared Goff,27,DET,QB,14,14,3-10-1,332,494,67.2,3245,19,3.8,8,1.6,162,46.9,63,6.6,6.6,9.8,231.8,91.5,45.5,35,280,6.62,5.6,5.6,2,2,,GoffJa00
21,Jalen Hurts,23,PHI,QB,15,15,8-7-0,265,432,61.3,3144,16,3.7,9,2.1,143,43.9,91,7.3,7.1,11.9,209.6,87.2,54.6,26,150,5.68,6.5,6.4,2,2,,HurtJa00
22,Russell Wilson,33,SEA,QB,14,14,6-8-0,259,400,64.8,3113,25,6.3,6,1.5,135,44.6,69,7.8,8.4,12.0,222.4,103.1,60.6,33,266,7.62,6.6,7.1,0,1,PB,WilsRu00
23,Teddy Bridgewater,29,DEN,QB,14,14,7-7-0,285,426,66.9,3052,18,4.2,7,1.6,146,46.0,64,7.2,7.3,10.7,218.0,94.9,53.4,31,211,6.78,6.2,6.3,0,1,,BridTe00
24,Baker Mayfield,26,CLE,QB,14,14,6-8-0,253,418,60.5,3010,17,4.1,13,3.1,143,44.3,71,7.2,6.6,11.9,215.0,83.1,40.9,43,269,9.33,5.9,5.4,0,0,,MayfBa00
25,Lamar Jackson,24,BAL,QB,12,12,7-5-0,246,382,64.4,2882,16,4.2,13,3.4,135,46.9,49,7.5,6.9,11.7,240.2,87.0,56.8,38,190,9.05,6.4,5.8,4,4,PB,JackLa00
26,Davis Mills,23,HOU,QB,13,11,2-9-0,263,394,66.8,2664,16,4.1,10,2.5,118,44.0,67,6.8,6.4,10.1,204.9,88.8,41.2,31,206,7.29,5.8,5.5,0,0,,MillDa02
27,Tua Tagovailoa,23,MIA,QB,13,12,7-5-0,263,388,67.8,2653,16,4.1,10,2.6,137,50.2,65,6.8,6.5,10.1,204.1,90.1,55.7,20,152,4.90,6.1,5.8,0,2,,TagoTu00
28,Sam Darnold,24,CAR,QB,12,11,4-7-0,243,406,59.9,2527,9,2.2,13,3.2,123,41.0,63,6.2,5.2,10.4,210.6,71.9,38.8,35,204,7.94,5.3,4.3,0,0,,DarnSa00
29,Daniel Jones,24,NYG,QB,11,11,4-7-0,232,361,64.3,2428,10,2.8,7,1.9,116,43.9,54,6.7,6.4,10.5,220.7,84.8,47.5,22,160,5.74,5.9,5.6,1,1,,JoneDa05
30,Zach Wilson,22,NYJ,QB,13,13,3-10-0,213,383,55.6,2334,9,2.3,11,2.9,112,37.0,54,6.1,5.3,11.0,179.5,69.7,33.4,44,370,10.30,4.6,3.9,1,1,,WilsZa00
31,Justin Fields,22,CHI,QB,12,10,2-8-0,159,270,58.9,1870,7,2.6,10,3.7,83,38.2,64,6.9,5.8,11.8,155.8,73.2,31.4,36,264,11.76,5.2,4.2,0,0,,FielJu00
32,Andy Dalton,34,CHI,QB,8,6,3-3-0,149,236,63.1,1515,8,3.4,9,3.8,83,42.9,60,6.4,5.4,10.2,189.4,76.9,39.2,18,143,7.09,5.4,4.4,1,1,,DaltAn00
33,Jacoby Brissett,29,MIA,QB,11,5,2-3-0,141,225,62.7,1283,5,2.2,4,1.8,69,46.3,52,5.7,5.3,9.1,116.6,78.1,54.3,19,132,7.79,4.7,4.4,0,0,,BrisJa00
34,Jameis Winston,27,NOR,QB,7,7,5-2-0,95,161,59.0,1170,14,8.7,3,1.9,56,44.8,72,7.3,8.2,12.3,167.1,102.8,69.8,11,69,6.40,6.4,7.2,0,1,,WinsJa00
35,Trevor Siemian,30,NOR,QB,6,4,0-4-0,108,188,57.4,1154,11,5.9,3,1.6,61,41.1,46,6.1,6.6,10.7,192.3,88.4,41.3,9,64,4.57,5.5,6.0,1,1,,SiemTr00
36,Tyler Huntley,23,BAL,QB,7,4,1-3-0,122,188,64.9,1081,3,1.6,4,2.1,55,41.3,43,5.8,5.1,8.9,154.4,76.6,55.0,18,107,8.74,4.7,4.1,1,1,,HuntTy01
37,Taysom Hill,31,NOR,QB/WR,12,9,4-1-0,78,134,58.2,978,4,3.0,5,3.7,43,42.0,70,7.3,6.2,12.5,81.5,75.4,48.5,9,64,6.29,6.4,5.4,0,0,,HillTa00
38,Tyrod Taylor,32,HOU,QB,6,6,2-4-0,91,150,60.7,966,5,3.3,5,3.3,44,44.8,52,6.4,5.6,10.6,161.0,76.7,46.4,13,119,7.98,5.2,4.4,0,0,,TaylTy00
39,Mike White,26,NYJ,QB,4,3,1-2-0,88,132,66.7,953,5,3.8,8,6.1,49,53.7,28,7.2,5.3,10.8,238.3,75.1,56.5,4,18,2.94,6.9,5.0,1,1,,WhitMi01
40,Mike Glennon,32,NYG,QB,6,4,0-4-0,90,167,53.9,790,4,2.4,10,6.0,43,33.0,60,4.7,2.5,8.8,131.7,49.7,14.7,9,68,5.11,4.1,2.0,0,0,,GlenMi00
41,Drew Lock,25,DEN,QB,6,3,0-3-0,67,111,60.4,787,2,1.8,2,1.8,32,36.7,44,7.1,6.6,11.7,131.2,80.4,28.1,9,52,7.50,6.1,5.7,0,0,,LockDr00
42,Colt McCoy,35,ARI,QB,8,3,2-1-0,74,99,74.7,740,3,3.0,1,1.0,39,51.4,50,7.5,7.6,10.0,92.5,101.4,60.4,6,40,5.71,6.7,6.8,0,0,,McCoCo00
43,Geno Smith,31,SEA,QB,4,3,1-2-0,65,95,68.4,702,5,5.3,1,1.1,31,44.4,84,7.4,8.0,10.8,175.5,103.0,51.8,13,117,12.04,5.4,5.9,0,0,,SmitGe00
44,Cam Newton,32,CAR,QB,8,5,0-5-0,69,126,54.8,684,4,3.2,5,4.0,32,39.0,64,5.4,4.3,9.9,85.5,64.4,30.4,10,83,7.35,4.4,3.4,0,0,,NewtCa00
45,Josh Johnson,35,2TM,QB,4,1,0-1-0,57,85,67.1,638,5,5.9,2,2.4,39,55.7,28,7.5,7.6,11.2,159.5,99.0,,3,23,3.41,7.0,7.1,0,0,,JohnJo05
45,Josh Johnson,35,NYJ,QB,3,0,,29,45,64.4,334,3,6.7,1,2.2,20,48.9,26,7.4,7.8,11.5,111.3,99.7,,2,14,4.26,6.8,7.1,0,0,,JohnJo05
45,Josh Johnson,35,BAL,QB,1,1,0-1-0,28,40,70.0,304,2,5.0,1,2.5,19,63.4,28,7.6,7.5,10.9,304.0,98.3,,1,9,2.44,7.2,7.1,0,0,,JohnJo05
46,Trey Lance,21,SFO,QB,6,2,1-1-0,41,71,57.7,603,5,7.0,2,2.8,27,38.7,76,8.5,8.6,14.7,100.5,97.3,39.0,4,15,5.33,7.8,8.0,0,0,,LancTr00
47,Tim Boyle,27,DET,QB,5,3,0-3-0,61,94,64.9,526,3,3.2,6,6.4,28,44.7,42,5.6,3.4,8.6,105.2,63.5,31.4,0,0,0.00,5.6,3.4,0,0,,BoylTi00
48,Case Keenum,33,CLE,QB,7,2,2-0-0,47,72,65.3,462,3,4.2,1,1.4,25,49.4,34,6.4,6.6,9.8,66.0,91.3,42.7,5,29,6.49,5.6,5.8,0,0,,KeenCa00
49,Gardner Minshew II,25,PHI,QB,4,2,1-1-0,41,60,68.3,439,4,6.7,1,1.7,24,46.2,36,7.3,7.9,10.7,109.8,104.8,66.2,5,31,7.69,6.3,6.8,0,0,,MinsGa00
50,Cooper Rush,28,DAL,QB,5,1,1-0-0,30,47,63.8,422,3,6.4,1,2.1,18,40.0,73,9.0,9.3,14.1,84.4,105.1,47.8,3,19,6.00,8.1,8.4,1,1,,RushCo00
51,Jordan Love,23,GNB,QB,6,1,0-1-0,36,62,58.1,411,2,3.2,3,4.8,22,38.5,62,6.6,5.1,11.4,68.5,68.7,36.8,3,23,4.62,6.0,4.5,0,0,,LoveJo03
52,P.J. Walker,26,CAR,QB,5,1,1-0-0,36,66,54.5,362,1,1.5,3,4.5,19,35.6,24,5.5,3.7,10.1,72.4,56.5,23.4,7,47,9.59,4.3,2.7,0,0,,WalkPh00
53,Joe Flacco,36,NYJ,QB,2,1,0-1-0,27,42,64.3,338,3,7.1,0,0.0,14,56.8,62,8.0,9.5,12.5,169.0,113.0,49.5,2,13,4.55,7.4,8.8,0,0,,FlacJo00
54,Mason Rudolph,26,PIT,QB,2,1,0-0-1,35,58,60.3,277,1,1.7,1,1.7,16,41.4,36,4.8,4.3,7.9,138.5,70.8,45.4,0,0,0.00,4.8,4.3,1,0,,RudoMa00
55,Nick Foles,32,CHI,QB,1,1,1-0-0,24,35,68.6,250,1,2.9,0,0.0,14,46.2,30,7.1,7.7,10.4,250.0,98.5,51.6,4,21,10.26,5.9,6.4,1,1,,FoleNi00
56,Brian Hoyer,36,NWE,QB,5,0,,9,11,81.8,227,1,9.1,0,0.0,8,81.8,48,20.6,22.5,25.2,45.4,149.1,97.9,0,0,0.00,20.6,22.5,0,0,,HoyeBr00
57,Jake Fromm,23,NYG,QB,3,2,0-2-0,27,60,45.0,210,1,1.7,3,5.0,10,27.3,36,3.5,1.6,7.8,70.0,38.9,18.8,6,33,9.09,2.7,0.9,0,0,,FromJa00
58,Garrett Gilbert,30,WAS,QB,1,1,0-1-0,20,31,64.5,194,0,0.0,0,0.0,8,42.4,46,6.3,6.3,9.7,194.0,81.9,45.6,2,20,6.06,5.3,5.3,0,0,,GilbGa01
59,Sean Mannion,29,MIN,QB,1,1,0-1-0,22,36,61.1,189,1,2.8,0,0.0,8,31.6,30,5.3,5.8,8.6,189.0,84.1,39.1,2,15,5.26,4.6,5.1,0,0,,MannSe00
60,Brandon Allen,29,CIN,QB,6,1,0-1-0,17,34,50.0,149,2,5.9,0,0.0,5,21.1,26,4.4,5.6,8.8,24.8,81.6,10.4,4,33,10.53,3.1,4.1,0,1,,AlleBr00
61,Nick Mullens,26,CLE,QB,1,1,0-1-0,20,30,66.7,147,1,3.3,0,0.0,9,40.0,25,4.9,5.6,7.4,147.0,89.2,81.5,0,0,0.00,4.9,5.6,0,0,,MullNi00
62,Ian Book,23,NOR,QB,1,1,0-1-0,12,20,60.0,135,0,0.0,2,10.0,5,28.6,56,6.8,2.3,11.3,135.0,40.6,2.8,8,54,28.57,2.9,-0.3,0,0,,BookIa00
63,Kyle Allen,25,WAS,QB,2,0,,12,19,63.2,120,1,5.3,0,0.0,6,42.9,19,6.3,7.4,10.0,60.0,98.6,29.3,2,5,9.52,5.5,6.4,0,0,,AlleKy00
64,Cedrick Wilson Jr.,26,DAL,WR,16,4,,3,3,100.0,88,0,0.0,0,0.0,3,100.0,35,29.3,29.3,29.3,5.5,118.7,99.9,0,0,0.00,29.3,29.3,0,0,,WilsCe01
65,Chad Henne,36,KAN,QB,4,0,,11,16,68.8,82,0,0.0,0,0.0,6,62.5,17,5.1,5.1,7.5,20.5,80.7,74.1,0,0,0.00,5.1,5.1,0,0,,HennCh01
66,Tom Kennedy,25,DET,WR,12,0,,1,1,100.0,75,1,100.0,0,0.0,1,100.0,75,75.0,95.0,75.0,6.3,158.3,100.0,0,0,0.00,75.0,95.0,0,0,,KennTo01
67,Blaine Gabbert,32,TAM,QB,6,0,,7,11,63.6,67,0,0.0,0,0.0,4,41.7,23,6.1,6.1,9.6,11.2,80.5,36.6,1,10,8.33,4.8,4.8,0,0,,GabbBl00
68,Tyler Boyd,27,CIN,WR,16,10,,1,1,100.0,46,0,0.0,0,0.0,1,100.0,46,46.0,46.0,46.0,2.9,118.7,99.0,0,0,0.00,46.0,46.0,0,0,,BoydTy00
69,Jakobi Meyers,25,NWE,WR,17,16,,2,2,100.0,45,0,0.0,0,0.0,1,50.0,30,22.5,22.5,22.5,2.6,118.7,78.1,0,0,0.00,22.5,22.5,0,0,,MeyeJa01
70,Mitchell Trubisky,27,BUF,QB,6,0,,6,8,75.0,43,0,0.0,1,12.5,2,50.0,15,5.4,-0.3,7.2,7.2,47.4,77.7,0,0,0.00,5.4,-0.3,0,0,,TrubMi00
71,Jack Fox,25,DET,P,17,0,,2,3,66.7,38,0,0.0,0,0.0,2,66.7,21,12.7,12.7,19.0,2.2,109.7,,0,0,0.00,12.7,12.7,0,0,,FoxxJa01
72,Chris Streveler,26,ARI,QB,2,0,,6,9,66.7,36,0,0.0,0,0.0,1,36.4,17,4.0,4.0,6.0,18.0,74.3,3.0,2,17,18.18,1.7,1.7,0,0,,StreCh00
73,Justin Jefferson,22,MIN,WR,17,17,,2,4,50.0,35,0,0.0,0,0.0,2,50.0,24,8.8,8.8,17.5,2.1,80.2,48.7,0,0,0.00,8.8,8.8,0,0,PBAP-2,JeffJu00
74,C.J. Beathard,28,JAX,QB,2,0,,2,2,100.0,33,0,0.0,0,0.0,1,50.0,28,16.5,16.5,16.5,16.5,118.7,92.3,0,0,0.00,16.5,16.5,0,0,,BeatC.00
75,Christian Kirk,25,ARI,WR,17,11,,1,1,100.0,33,0,0.0,0,0.0,1,100.0,33,33.0,33.0,33.0,1.9,118.7,100.0,0,0,0.00,33.0,33.0,0,0,,KirkCh01
76,Kendrick Bourne,26,NWE,WR,17,5,,1,1,100.0,25,1,100.0,0,0.0,1,100.0,25,25.0,45.0,25.0,1.5,158.3,100.0,0,0,0.00,25.0,45.0,0,0,,BourKe00
77,Jacob Eason,24,IND,QB,1,0,,2,5,40.0,25,0,0.0,1,20.0,2,40.0,10,5.0,-4.0,12.5,25.0,16.7,0.1,0,0,0.00,5.0,-4.0,0,0,,EasoJa00
78,Deebo Samuel,25,SFO,WR,16,15,,1,2,50.0,24,1,50.0,0,0.0,1,50.0,24,12.0,22.0,24.0,1.5,133.3,99.0,0,0,0.00,12.0,22.0,0,0,PBAP-1,SamuDe00
79,Chris Banjo,31,ARI,DB,16,0,,1,1,100.0,23,0,0.0,0,0.0,1,100.0,23,23.0,23.0,23.0,1.4,118.7,,0,0,0.00,23.0,23.0,0,0,,BanjCh00
80,Josh Rosen,24,ATL,QB,4,0,,2,11,18.2,19,0,0.0,2,18.2,1,18.2,14,1.7,-6.5,9.5,4.8,0.0,0.2,0,0,0.00,1.7,-6.5,0,0,,RoseJo01
81,Kadarius Toney,22,NYG,WR,10,4,,1,3,33.3,19,0,0.0,0,0.0,1,25.0,19,6.3,6.3,19.0,1.9,56.2,2.3,1,6,25.00,3.3,3.3,0,0,,ToneKa00
82,Dante Pettis,26,NYG,WR,3,0,,1,1,100.0,16,0,0.0,0,0.0,1,100.0,16,16.0,16.0,16.0,5.3,118.7,94.0,0,0,0.00,16.0,16.0,0,0,,PettDa00
83,Courtland Sutton,26,DEN,WR,17,16,,1,1,100.0,16,0,0.0,0,0.0,1,100.0,16,16.0,16.0,16.0,0.9,118.7,100.0,0,0,0.00,16.0,16.0,0,0,,SuttCo00
84,Tommy Townsend,25,KAN,P,16,0,,1,1,100.0,16,0,0.0,0,0.0,1,100.0,16,16.0,16.0,16.0,1.0,118.7,,0,0,0.00,16.0,16.0,0,0,,TownTo01
85,Ryan Fitzpatrick,39,WAS,QB,1,1,0-1-0,3,6,50.0,13,0,0.0,0,0.0,0,14.3,6,2.2,2.2,4.3,13.0,56.2,3.0,1,2,14.29,1.6,1.6,0,0,,FitzRy00
86,Matthias Farley,29,TEN,DB,17,0,,1,1,100.0,6,0,0.0,0,0.0,1,100.0,6,6.0,6.0,6.0,0.4,91.7,,0,0,0.00,6.0,6.0,0,0,,FarlMa00
87,Derrick Henry,27,TEN,RB,8,8,,1,1,100.0,5,1,100.0,0,0.0,1,100.0,5,5.0,25.0,5.0,0.6,127.1,80.6,0,0,0.00,5.0,25.0,0,0,,HenrDe00
88,Kellen Mond,22,MIN,QB,1,0,,2,3,66.7,5,0,0.0,0,0.0,0,33.3,6,1.7,1.7,2.5,5.0,70.1,18.2,0,0,0.00,1.7,1.7,0,0,,MondKe00
89,John Wolford,26,LAR,QB,3,0,,1,4,25.0,5,0,0.0,1,25.0,0,,5,1.3,-10.0,5.0,1.7,0.0,0.1,1,8,20.00,-0.6,-9.6,0,0,,WolfJo00
90,Ezekiel Elliott,26,DAL,RB,17,17,,1,1,100.0,4,0,0.0,0,0.0,0,100.0,4,4.0,4.0,4.0,0.2,83.3,12.2,0,0,0.00,4.0,4.0,0,0,,ElliEz00
91,Marcus Mariota,28,LVR,QB,10,0,,1,2,50.0,4,0,0.0,0,0.0,0,50.0,4,2.0,2.0,4.0,0.4,56.2,46.2,0,0,0.00,2.0,2.0,0,0,,MariMa01
92,Johnny Hekker,31,LAR,P,17,0,,1,1,100.0,2,0,0.0,0,0.0,0,,2,2.0,2.0,2.0,0.1,79.2,,0,0,0.00,2.0,2.0,0,0,,HekkJo00
93,Greg Ward,26,PHI,WR,17,0,,1,2,50.0,2,0,0.0,0,0.0,0,,2,1.0,1.0,2.0,0.1,56.2,0.0,0,0,0.00,1.0,1.0,0,0,,WardGr02
94,Kendall Hinton,24,DEN,WR,16,1,,1,1,100.0,1,0,0.0,0,0.0,0,,1,1.0,1.0,1.0,0.1,79.2,100.0,0,0,0.00,1.0,1.0,0,0,,HintKe00
95,Keenan Allen,29,LAC,WR,16,16,,0,1,0.0,0,0,0.0,0,0.0,0,,,0.0,0.0,,0.0,39.6,57.3,0,0,0.00,0.0,0.0,0,0,PB,AlleKe00
96,Danny Amendola,36,HOU,WR,8,0,,0,1,0.0,0,0,0.0,0,0.0,0,,,0.0,0.0,,0.0,39.6,4.1,0,0,0.00,0.0,0.0,0,0,,AmenDa00
97,Cole Beasley,32,BUF,WR,16,8,,0,1,0.0,0,0,0.0,0,0.0,0,,,0.0,0.0,,0.0,39.6,2.9,0,0,0.00,0.0,0.0,0,0,,BeasCo00
98,David Blough,26,DET,QB,1,0,,0,0,,0,0,,0,,0,,,,,,0.0,,0.1,1,6,100.00,-6.0,-6.0,0,0,,BlouDa00
99,Chris Boswell,30,PIT,K,17,0,,0,1,0.0,0,0,0.0,0,0.0,0,,,0.0,0.0,,0.0,39.6,,0,0,0.00,0.0,0.0,0,0,,BoswCh00
100,A.J. Brown,24,TEN,WR,13,13,,0,2,0.0,0,0,0.0,0,0.0,0,,,0.0,0.0,,0.0,39.6,3.0,0,0,0.00,0.0,0.0,0,0,,BrowAJ00
101,Rex Burkhead,31,HOU,RB,16,5,,0,1,0.0,0,0,0.0,0,0.0,0,,,0.0,0.0,,0.0,39.6,3.0,0,0,0.00,0.0,0.0,0,0,,BurkRe00
102,Keelan Cole,28,NYJ,WR,15,11,,0,1,0.0,0,0,0.0,0,0.0,0,,,0.0,0.0,,0.0,39.6,4.4,0,0,0.00,0.0,0.0,0,0,,ColeKe00
103,Jamison Crowder,28,NYJ,WR,12,4,,0,0,,0,0,,0,,0,,,,,,0.0,,87.5,1,3,100.00,-3.0,-3.0,0,0,,CrowJa00
104,Stefon Diggs,28,BUF,WR,17,17,,0,0,,0,0,,0,,0,,,,,,0.0,,0.4,1,2,100.00,-2.0,-2.0,0,0,PB,DiggSt00
105,Riley Dixon,28,NYG,P,17,0,,0,1,0.0,0,0,0.0,0,0.0,0,,,0.0,0.0,,0.0,39.6,,0,0,0.00,0.0,0.0,0,0,,DixoRi00
106,Leonard Fournette,26,TAM,RB,14,13,,0,1,0.0,0,0,0.0,0,0.0,0,,,0.0,0.0,,0.0,39.6,33.3,0,0,0.00,0.0,0.0,0,0,,FourLe00
107,Feleipe Franks,24,ATL,QB,9,0,,0,1,0.0,0,0,0.0,1,100.0,0,,,0.0,-45.0,,0.0,0.0,1.0,0,0,0.00,0.0,-45.0,0,0,,FranFe00
108,Mike Gesicki,26,MIA,TE,17,9,,0,1,0.0,0,0,0.0,0,0.0,0,,,0.0,0.0,,0.0,39.6,5.3,0,0,0.00,0.0,0.0,0,0,,GesiMi00
109,Blake Gillikin,23,NOR,P,17,0,,0,1,0.0,0,0,0.0,0,0.0,0,,,0.0,0.0,,0.0,39.6,,0,0,0.00,0.0,0.0,0,0,,GillBl00
110,Sam Koch,39,BAL,P,17,0,,0,1,0.0,0,0,0.0,0,0.0,0,,,0.0,0.0,,0.0,39.6,,0,0,0.00,0.0,0.0,0,0,,KochSa20
111,Cooper Kupp,28,LAR,WR,17,17,,0,1,0.0,0,0,0.0,0,0.0,0,,,0.0,0.0,,0.0,39.6,12.9,0,0,0.00,0.0,0.0,0,0,PBAP-1AP MVP-3AP OPoY-1,KuppCo00
112,Jarvis Landry,29,CLE,WR,12,12,,0,0,,0,0,,0,,0,,,,,,0.0,,98.1,1,1,100.00,-1.0,-1.0,0,0,,LandJa00
113,Ty Long,28,LAC,P,17,0,,0,1,0.0,0,0,0.0,0,0.0,0,,,0.0,0.0,,0.0,39.6,,0,0,0.00,0.0,0.0,0,0,,LongTy00
114,David Montgomery,24,CHI,RB,13,13,,0,1,0.0,0,0,0.0,1,100.0,0,,,0.0,-45.0,,0.0,0.0,25.6,0,0,0.00,0.0,-45.0,0,0,,MontDa01
115,Cordarrelle Patterson,30,ATL,RB,16,13,,0,1,0.0,0,0,0.0,0,0.0,0,,,0.0,0.0,,0.0,39.6,3.7,0,0,0.00,0.0,0.0,0,0,,PattCo00
116,Brett Rypien,25,DEN,QB,1,0,,0,2,0.0,0,0,0.0,0,0.0,0,,,0.0,0.0,,0.0,39.6,1.4,0,0,0.00,0.0,0.0,0,0,,RypiBr00
117,D'Andre Swift,22,DET,RB,13,4,,0,1,0.0,0,0,0.0,0,0.0,0,,,0.0,0.0,,0.0,39.6,0.6,0,0,0.00,0.0,0.0,0,0,,SwifDA00
118,Albert Wilson,29,MIA,WR,14,5,,0,1,0.0,0,0,0.0,0,0.0,0,,,0.0,0.0,,0.0,39.6,0.1,1,1,50.00,-0.5,-0.5,0,0,,WilsAl02
119,Brandon Zylstra,28,CAR,WR,13,3,,0,1,0.0,0,0,0.0,0,0.0,0,,,0.0,0.0,,0.0,39.6,0.5,0,0,0.00,0.0,0.0,0,0,,ZylsBr00
,League Average,,,,,,,,,64.8,,,4.5,,2.4,,46.4,,7.1,6.9,11.0,101.7,90.8,,,,6.23,6.2,6.1,,,,-9999